{"ids":[
  {
      "id": "montos-pension",
      "headers": [
       { "label": "Régimen" },
       { "label": "Institución que pagará la Pensión" },
       { "label": "Pensión Mensual", "type": "currency" },
       { "label": "Aguinaldo", "type": "currency" },
       { "label": "Importe a retirar de la AFORE", "type": "currency" }
      ],
      "rows": [
        { "id": "op01", "data": ["Ley del Seguro Social 1973", "Instituto Mexicano del Seguro Social", 13414.36, 11665.09, 96639.13] },
        { "id": "op02", "data": ["Ley del Seguro Social 1997", "Compañia Aseguradora", 20707.23, 0, 42543.13] }
      ]
  },
  {
      "id": "proyeccion-pension",
      "headers": [
       { "label": "Folio" },
       { "label": "Fecha" },
       { "label": "Documento" }
      ],
      "rows": [
        { "id": "folio01", "data": ["456789014", "28/05/2015", "Documento de Proyección de Pensión"] }
      ],
      "actions": [
        {
         "group": "Generales",
         "actions": [
          { "label": "Imprimir", "link": "//" },
          { "label": "Descargar", "link": "//" }
         ]
        }
      ]
  },
  {
      "id": "afiliados-resultados-busqueda",
      "headers": [
       { "label": "NSS" },
       { "label": "Nombre" },
       { "label": "Alta" }
      ],
      "rows": [
        { "id": "nss01", "data": ["6352728372", "Ramiro Gómez Cruz", "28/05/1982"] },
        { "id": "nss02", "data": ["7362527819", "Hilda Jimenez Cacho", "03/12/2001"] },
        { "id": "nss03", "data": ["4353728292", "Karla Laura Uribe Vaca", "17/10/1996"] }
      ],
      "actions": [
        {
         "group": "Acciones",
         "actions": [
          { "label": "Suspender", "link": "//" },
          { "label": "Reactivar", "link": "//" }
         ]
        }
      ]
  }
]
}
